target,term,Coef.,Std.Err.,t,P>|t|,CI_low,CI_high
ar3d,const,0.13205368115654334,0.29958422373579774,0.4407898370276033,0.6593651516935654,-0.4551206077020098,0.7192279700150965
ar3d,z_neg_per_1000,-2.1438367733482546,1.5816208170219168,-1.3554682325090737,0.17526842322937497,-5.243756611910026,0.9560830652135173
ar3d,z_unc_per_1000,2.07745193961773,0.9300457802406755,2.233709333190169,0.025502204499020777,0.2545957063725519,3.900308172862908
ar3d,z_company_neg_per_1000,1.8920557566570384,1.3727135474326562,1.3783325444669006,0.16810063958406996,-0.7984133574011829,4.582524870715259
ar3d,z_company_unc_per_1000,-1.5326541455761074,0.8410462649053233,-1.8223184734654738,0.06840667675697651,-3.181074534122475,0.11576624297025995
ar3d,z_external_neg_per_1000,0.31894405240158463,0.24709936571315008,1.2907522100717845,0.19678961407938578,-0.16536180499888103,0.8032499098020502
ar3d,z_external_unc_per_1000,-0.15749280749521413,0.12080141248791307,-1.3037331621513306,0.19232457839416528,-0.3942592252530909,0.07927361026266261
ar3d,z_company_sent_ratio_mean,-0.28239436636540816,0.16301080417590602,-1.7323659483372313,0.08320842679802852,-0.6018896716410954,0.0371009389102791
ar3d,z_finbert_neg_mean,319894.36313961924,325241.6404524823,0.9835590630233454,0.3253323615243642,-317567.5384199716,957356.2646992101
ar3d,z_finbert_neu_mean,618133.961866111,628466.6515921607,0.9835588894018915,0.325332446928275,-613638.0407390061,1849905.9644712282
ar3d,z_finbert_pos_mean,565957.2019179787,575417.6985105153,0.9835589057878732,0.3253324388680555,-561840.7632295582,1693755.1670655156
ar3d,is_10k,-0.1469810491764554,0.1639280441444472,-0.8966193060105155,0.36992209264820464,-0.468274111755664,0.17431201340275318
ar3d,yr_2021,-0.16256455973424655,0.23788700008406763,-0.6833688250169087,0.4943738140999089,-0.6288145122892959,0.3036853928208028
ar3d,yr_2022,-0.04601470324500079,0.27491425902464717,-0.16737837974739384,0.8670723356544978,-0.5848367497698248,0.49280734327982323
ar3d,yr_2023,-0.14282535344651837,0.32920135090697694,-0.43385409280072124,0.6643943980264254,-0.7880481448861254,0.5023974379930887
ar3d,yr_2024,-0.028646591810804173,0.334839513891029,-0.08555319973414784,0.9318216031892067,-0.6849199796381202,0.6276267960165118
ar3d,yr_2025,-0.30296899384842463,0.3700839396039541,-0.8186493966008019,0.41298647559759016,-1.0283201867288712,0.42238219903202195
ar5d,const,0.09253186594688043,0.1867462078322033,0.4954952875403119,0.6202505476491298,-0.2734839756536698,0.4585477075474307
ar5d,z_neg_per_1000,-3.3086938360874187,1.1199811914826494,-2.954240536581972,0.003134395979738679,-5.503816634755669,-1.113571037419168
ar5d,z_unc_per_1000,2.9148997626348034,0.6328339713481425,4.606105068008782,4.10281146751603e-06,1.6745679705989918,4.155231554670615
ar5d,z_company_neg_per_1000,2.8927437134949416,0.9687039985671051,2.9861998275777246,0.0028246799772639916,0.9941187646234755,4.791368662366407
ar5d,z_company_unc_per_1000,-2.1024847601955265,0.5612838009851183,-3.745849704740136,0.00017978420830835632,-3.2025807952321057,-1.0023887251589474
ar5d,z_external_neg_per_1000,0.4852927042193263,0.17740615035375548,2.735489740641076,0.006228752793415303,0.1375830388900678,0.8330023695485849
ar5d,z_external_unc_per_1000,-0.23074254206995884,0.07718929659092515,-2.989307485114282,0.002796105886233678,-0.3820307833801525,-0.07945430075976517
ar5d,z_company_sent_ratio_mean,-0.45931256482381433,0.10968391697314199,-4.18760176969505,2.8191761863876187e-05,-0.6742890917744542,-0.24433603787317448
ar5d,z_finbert_neg_mean,472487.2296202458,215154.0384193669,2.1960416503979285,0.0280889623636394,50793.063189939596,894181.396050552
ar5d,z_finbert_neu_mean,912990.2258910234,415743.62581867335,2.1960414283999734,0.028088978251853712,98147.69248432713,1727832.7592977197
ar5d,z_finbert_pos_mean,835924.6199322972,380650.6522133538,2.196041475488563,0.028088974881760754,89863.05090244196,1581986.1889621522
ar5d,is_10k,-0.23844597108359467,0.10624918746000236,-2.2442145373898312,0.02481860113140545,-0.44669055189184403,-0.030201390275345297
ar5d,yr_2021,-0.06316569078682113,0.15274053094215603,-0.4135489800722406,0.6792044445449046,-0.36253163041297265,0.2362002488393304
ar5d,yr_2022,0.09714659036668821,0.176243060265938,0.5512080317948466,0.5814910748153286,-0.24828346027967252,0.44257664101304894
ar5d,yr_2023,-0.07568816625312763,0.20623008797711442,-0.36700835942778065,0.7136127825428387,-0.4798917112167987,0.3285153787105434
ar5d,yr_2024,-0.012569467187505179,0.20807239590837973,-0.06040910488212899,0.9518298072553834,-0.42038386934488875,0.3952449349698784
ar5d,yr_2025,-0.2644657895749043,0.2298012661664092,-1.1508456588894205,0.24979573695230683,-0.7148679948627692,0.1859364157129606
ar10d,const,0.09883282074251837,0.26373187467696574,0.3747473484711493,0.7078483750699948,-0.4180721551995656,0.6157377966846023
ar10d,z_neg_per_1000,-2.2332693447222427,2.789596727117982,-0.8005706785544956,0.4233802311360988,-7.700778461264296,3.2342397718198104
ar10d,z_unc_per_1000,2.9108249765636565,1.4670307806813567,1.9841608062318468,0.04723791627856847,0.03549748221651816,5.786152470910794
ar10d,z_company_neg_per_1000,2.0155097555535315,2.3963054668056167,0.8410904967972622,0.40029723854014754,-2.681162655341919,6.712182166448982
ar10d,z_company_unc_per_1000,-2.207592262961667,1.189763316575091,-1.8554885935772056,0.06352648658115441,-4.539485513575772,0.12430098765243791
ar10d,z_external_neg_per_1000,0.33285256994877543,0.4470627486336397,0.7445321064348899,0.45655462491201915,-0.5433743162026416,1.2090794561001925
ar10d,z_external_unc_per_1000,-0.29416909456539636,0.13567788031995195,-2.168143354478229,0.03014778109873874,-0.5600928534912379,-0.028245335639554725
ar10d,z_company_sent_ratio_mean,-0.41661413922740886,0.2614878029879348,-1.5932450174229797,0.11110523584600988,-0.9291208154802661,0.09589253702544842
ar10d,z_finbert_neg_mean,376859.1591568531,435729.9210238305,0.8648916243147835,0.3870982751311022,-477155.7930363368,1230874.111350043
ar10d,z_finbert_neu_mean,728207.463480334,841963.9274432927,0.8648915229558688,0.3870983307686202,-922011.510590415,2378426.437551083
ar10d,z_finbert_pos_mean,666739.3465334855,770893.6625740852,0.8648914615631697,0.38709836446805,-844184.4680218946,2177663.1610888653
ar10d,is_10k,-0.12303490082033378,0.21999735650468027,-0.5592562691439263,0.5759868358595718,-0.5542217962635257,0.30815199462285814
ar10d,yr_2021,-0.15787504275064052,0.2560241631213673,-0.616641182714463,0.5374714244462341,-0.6596731816405283,0.34392309613924726
ar10d,yr_2022,-0.01617405650892889,0.2981662520405695,-0.05424509446739195,0.9567398933604093,-0.6005691719137375,0.5682210588958797
ar10d,yr_2023,-0.16212328928435782,0.2882313154247446,-0.5624763188741273,0.5737915337882991,-0.7270462867334614,0.40279970816474575
ar10d,yr_2024,0.10750005147888689,0.29600619486936064,0.36316824898320443,0.7164792043868098,-0.47266142966580493,0.6876615326235787
ar10d,yr_2025,-0.2089436893878967,0.32662025865355654,-0.6397144201931503,0.5223582787882772,-0.8491076329700245,0.431220254194231
ar20d,const,-0.16636277294231439,0.14994618540781787,-1.1094831955200948,0.26722178985037404,-0.4602518959608028,0.12752635007617402
ar20d,z_neg_per_1000,-1.2165886309420202,0.6927897603705632,-1.7560719002129659,0.07907613243147313,-2.5744316101264584,0.141254348242418
ar20d,z_unc_per_1000,3.2574206313803207,0.4622465561803574,7.046933260676049,1.8290398846025305e-12,2.351434029289149,4.163407233471492
ar20d,z_company_neg_per_1000,1.1200232906256118,0.6020989862003067,1.8601979347179995,0.06285752715634443,-0.06006903745506831,2.300115618706292
ar20d,z_company_unc_per_1000,-2.8157966904054668,0.4223256729080874,-6.6673585600804355,2.6044825468478342e-11,-3.643539799051961,-1.9880535817589722
ar20d,z_external_neg_per_1000,0.2709255488663278,0.10543716360358808,2.569545116795119,0.01018321308417601,0.06427250557123773,0.47757859216141785
ar20d,z_external_unc_per_1000,-0.43472527952713014,0.061659606649480656,-7.0504063056781066,1.7839610378724663e-12,-0.5555758878610186,-0.31387467119324164
ar20d,z_company_sent_ratio_mean,-0.25382343301265464,0.07807885855606717,-3.2508599345159244,0.0011505652602332112,-0.40685518373654334,-0.10079168228876595
ar20d,z_finbert_neg_mean,92302.50707197713,146338.72714082003,0.6307455919249285,0.5282068834155549,-194516.12766746426,379121.1418114185
ar20d,z_finbert_neu_mean,178356.71351345384,282771.32029380614,0.6307454140969352,0.5282069997076928,-375864.89012324635,732578.317150154
ar20d,z_finbert_pos_mean,163301.4627126545,258902.56073541348,0.6307448726995832,0.5282073537592042,-344138.23183394986,670741.1572592589
ar20d,is_10k,0.1796733057792126,0.08455442321201684,2.124942716819071,0.03359139300931685,0.013949681550102039,0.34539693000832317
ar20d,yr_2021,-0.09064851063062807,0.11486221338148582,-0.7891934863692897,0.42999892841591114,-0.31577431204289497,0.1344772907816388
ar20d,yr_2022,0.06253697248961843,0.13318836186430283,0.4695378155738065,0.638685261384863,-0.19850741992430315,0.32358136490354
ar20d,yr_2023,0.0903515022107596,0.15670057804739534,0.5765869107606743,0.5642185434659066,-0.21677598711874307,0.3974789915402623
ar20d,yr_2024,0.4437023663703796,0.1675555547381251,2.648091058895947,0.008094771828480543,0.11529951367402475,0.7721052190667343
ar20d,yr_2025,0.1287002743931176,0.1847492625001211,0.6966213161096285,0.48603981223694603,-0.23340162627745614,0.49080217506369134
r5d,const,0.07371542589787222,0.2558250665783485,0.2881477834983628,0.7732336170252028,-0.4276924909382524,0.5751233427339968
r5d,z_neg_per_1000,-3.3421433789491264,1.2641864102950946,-2.6437108892580024,0.00820026647364411,-5.819903212872488,-0.8643835450257651
r5d,z_unc_per_1000,3.2176483251403187,0.7902840596027846,4.071508574723859,4.6709642547354567e-05,1.6687200307627554,4.766576619517882
r5d,z_company_neg_per_1000,2.9411352089508846,1.098104503593493,2.6783745985251532,0.007398042852176575,0.7888899306464037,5.093380487255366
r5d,z_company_unc_per_1000,-2.334769626695132,0.7183553246589209,-3.2501598394968303,0.001153401609192351,-3.7427201911291945,-0.926819062261069
r5d,z_external_neg_per_1000,0.4800581072584336,0.1952678904471062,2.4584590234433388,0.013953469904335667,0.09734007464499256,0.8627761398718747
r5d,z_external_unc_per_1000,-0.25829312712929187,0.1050093266600149,-2.4597160589893,0.013904697498508409,-0.4641076254237228,-0.05247862883486093
r5d,z_company_sent_ratio_mean,-0.5353669956450914,0.1365032771234826,-3.9220083717169048,8.781394031739862e-05,-0.8029085025788075,-0.26782548871137524
r5d,z_finbert_neg_mean,477379.77831950237,263293.3162796915,1.8131101277648491,0.06981483742590794,-38665.63895880652,993425.1955978113
r5d,z_finbert_neu_mean,922444.118499482,508763.47539847135,1.8131099481483213,0.06981486512359246,-74713.9699309516,1919602.2069299156
r5d,z_finbert_pos_mean,844580.5037506782,465818.68763252365,1.8131099635421952,0.06981486274978684,-68407.34733478166,1757568.354836138
r5d,is_10k,-0.23869376732869654,0.14197008597854432,-1.681296208870155,0.09270539391310724,-0.5169500227286984,0.039562488071305274
r5d,yr_2021,-0.034496057813814957,0.19699600479382318,-0.17511044373675838,0.8609928521507905,-0.42060113230798823,0.35160901668035827
r5d,yr_2022,0.139841662725436,0.23035072965868073,0.607081483669032,0.5437968376777069,-0.3116374712181007,0.5913207966689726
r5d,yr_2023,-0.046941260575213584,0.27462913531869476,-0.17092600361116222,0.8642819496162729,-0.5852044749052323,0.4913219537548051
r5d,yr_2024,0.023077202555505938,0.286623931515643,0.08051387207437861,0.9358285637332017,-0.5386953803224294,0.5848497854334412
r5d,yr_2025,-0.2730142906783272,0.31688078568671674,-0.8615678293231764,0.3889253805007117,-0.8940892180170474,0.34806063666039305
r10d,const,0.1616123311425569,0.34739593707094496,0.4652107693175253,0.6417805273131444,-0.5192711938920382,0.8424958561771521
r10d,z_neg_per_1000,-2.12785266335901,3.5872352187615895,-0.5931734423854151,0.5530650840274927,-9.158704496205386,4.902999169487368
r10d,z_unc_per_1000,3.1337256801443183,1.9522752695236254,1.605165894924735,0.10845730082601941,-0.6926635360302145,6.960114896318851
r10d,z_company_neg_per_1000,1.995983305622533,3.0774891636570403,0.6485752506275821,0.5166129569085222,-4.0357846179575585,8.027751229202623
r10d,z_company_unc_per_1000,-2.3272248850303185,1.593975907912775,-1.4600125845551162,0.14428661531153616,-5.451360256763891,0.7969104867032546
r10d,z_external_neg_per_1000,0.26290088411322043,0.5742623029573908,0.4578062720803862,0.6470916292909662,-0.8626325473622948,1.3884343155887358
r10d,z_external_unc_per_1000,-0.3193917532524497,0.18244506400939448,-1.7506187683762358,0.08001160016902384,-0.6769775078679676,0.03819400136306833
r10d,z_company_sent_ratio_mean,-0.5175767690715485,0.33626885209269675,-1.5391754718003794,0.12376146398861507,-1.1766516082958605,0.1414980701527635
r10d,z_finbert_neg_mean,433845.9446020733,545242.7229033529,0.7956932323496131,0.42621036140670265,-634810.1551210509,1502502.0443251976
r10d,z_finbert_neu_mean,838323.3720288873,1053576.2641134216,0.7956931079254445,0.4262104337441023,-1226648.1605996788,2903294.9046574533
r10d,z_finbert_pos_mean,767560.3655507689,964643.787364154,0.7956930585206932,0.4262104624669102,-1123106.7155932868,2658227.446694825
r10d,is_10k,-0.2214624246000273,0.2867084891690342,-0.7724306498279516,0.43985940655165845,-0.7834007374332265,0.3404758882331719
r10d,yr_2021,-0.1424818384965319,0.3402728087502699,-0.41872825225097826,0.6754147455705775,-0.8094042885653465,0.5244406115722828
r10d,yr_2022,-0.04246904736925772,0.39286483438967423,-0.1081009132192615,0.9139156437563831,-0.812469973565312,0.7275318788267966
r10d,yr_2023,-0.22268581813205768,0.3641051500692503,-0.611597551118693,0.5408040587254139,-0.9363187988533399,0.49094716258922455
r10d,yr_2024,0.08306528177093675,0.38880843746477345,0.21364063576542774,0.8308273081529114,-0.6789852525453131,0.8451158160871866
r10d,yr_2025,-0.3344070958359492,0.42604965588113075,-0.784901692138087,0.43251120986113645,-1.169449076988649,0.5006348853167507
r20d,const,-3.6040387932811946e-05,0.1718881759690379,-0.00020967345618528102,0.9998327047877253,-0.33693067465553034,0.3368585938796647
r20d,z_neg_per_1000,-2.1073693311866184,0.6948810868549814,-3.032704977947424,0.00242372427584727,-3.469311234960431,-0.7454274274128057
r20d,z_unc_per_1000,3.4231537866073833,0.5458282751413461,6.27148490195187,3.57620981871471e-10,2.3533500255867255,4.492957547628041
r20d,z_company_neg_per_1000,1.9120995139675832,0.5986327929437655,3.1941108748233953,0.0014026223591238364,0.7388007998331794,3.0853982281019867
r20d,z_company_unc_per_1000,-2.8801772793404465,0.5044770234478376,-5.7092338113952845,1.134858982368908e-08,-3.868934076326177,-1.8914204823547163
r20d,z_external_neg_per_1000,0.3737736780843039,0.09974183641831542,3.7474112318997617,0.00017866903524268882,0.1782832709525201,0.5692640852160877
r20d,z_external_unc_per_1000,-0.4315637366096904,0.05811189465894367,-7.426426881149209,1.1157052599010251e-13,-0.5454609572146055,-0.31766651600477525
r20d,z_company_sent_ratio_mean,-0.2630659182722703,0.07423125610501172,-3.5438699555362834,0.0003942996814111481,-0.40855650676526234,-0.11757532977927834
r20d,z_finbert_neg_mean,271808.63220887457,149451.03692762906,1.8187135920675919,0.06895513696902252,-21110.017621444014,564727.2820391932
r20d,z_finbert_neu_mean,525217.5726177366,288785.2544164877,1.818713263871378,0.06895518706601735,-40791.125304815825,1091226.270540289
r20d,z_finbert_pos_mean,480883.75696209073,264408.8557282677,1.8187127493804283,0.06895526559973933,-37348.07745876111,999115.5913829426
r20d,is_10k,0.09146799114239734,0.0945984865104614,0.9669075533495151,0.3335902503341458,-0.09394163541010514,0.2768776176948998
r20d,yr_2021,-0.2040370469235161,0.16950452328328253,-1.2037262662455412,0.22869539662199634,-0.5362598077753808,0.1281857139283487
r20d,yr_2022,-0.11382419427144863,0.16249681727354226,-0.7004702995495623,0.48363364702863443,-0.4323121037299776,0.20466371518708032
r20d,yr_2023,-0.0628627161593337,0.1669919662190285,-0.3764415593315565,0.7065886543934967,-0.39016095565615894,0.26443552333749154
r20d,yr_2024,0.29956075262828197,0.18123169334794023,1.6529159281934536,0.09834797496832871,-0.0556468391908882,0.6547683444474521
r20d,yr_2025,-0.1310663318538997,0.19013046925770283,-0.6893494365506058,0.49060339464395686,-0.5037152039626972,0.24158254025489778
vol20d,const,0.05042322264206921,0.03791153787161541,1.330023139995631,0.18351064726529442,-0.023882026184823282,0.1247284714689617
vol20d,z_neg_per_1000,0.2637800084211315,0.133440349910167,1.976763464714459,0.04806837326497609,0.0022417285127814823,0.5253182883294815
vol20d,z_unc_per_1000,-0.166179251753467,0.10363276691267663,-1.60353965935787,0.10881556049603755,-0.36929574252054737,0.03693723901361334
vol20d,z_company_neg_per_1000,-0.22863813640122532,0.11906121186907467,-1.9203410818012385,0.05481483040503026,-0.4619938236203045,0.004717550817853855
vol20d,z_company_unc_per_1000,0.1603355917900258,0.093002647957575,1.7239895348266434,0.08470973241790943,-0.02194624867367881,0.3426174322537304
vol20d,z_external_neg_per_1000,-0.041954823987351814,0.015549841657153061,-2.6980868945409635,0.006973923432670001,-0.07243195360067245,-0.011477694374031181
vol20d,z_external_unc_per_1000,0.017092619166063926,0.013259048464290586,1.2891286438916,0.1973533669158939,-0.008894638293216735,0.043079876625344585
vol20d,z_company_sent_ratio_mean,0.003599207130893383,0.021545807820086676,0.16704906870736694,0.8673314400735306,-0.03862980021429796,0.04582821447608472
vol20d,z_finbert_neg_mean,30155.256381930172,36794.605954044,0.8195564431263026,0.41246901282566595,-41960.846113339096,102271.35887719944
vol20d,z_finbert_neu_mean,58269.206608165056,71098.46644752035,0.8195564478338656,0.41246901014103665,-81081.22698500426,197619.64020133438
vol20d,z_finbert_pos_mean,53350.702665643534,65097.037748365365,0.8195565345365229,0.4124689606962434,-74237.14682139695,180938.55215268402
vol20d,is_10k,-0.011579240141627783,0.024563109631659044,-0.47140774581339917,0.6373495856391347,-0.05972205036798842,0.036563570084732856
vol20d,yr_2021,-0.03108795380685557,0.029955643882686043,-1.0377995521846881,0.29936338536783447,-0.0897999369506278,0.027624029336916663
vol20d,yr_2022,-0.015281986434250272,0.03133183280488831,-0.48774632909013915,0.6257295316438236,-0.07669125030146196,0.046127277432961404
vol20d,yr_2023,-0.019181115249429143,0.037054375940989544,-0.517647774718316,0.6047040424497568,-0.09180635756337613,0.05344412706451784
vol20d,yr_2024,-0.016807642956819607,0.04204544063139228,-0.39974947828874835,0.6893410453544533,-0.09921519230846551,0.0655999063948263
vol20d,yr_2025,-0.006200237325533209,0.04592252688905275,-0.13501516021783316,0.8925998879648067,-0.09620673610714882,0.0838062614560824
